time_us,abag_bias,abag_gain,abag_control,abag_ek_bar,local_vz
20148, 0.000000, 0.000000, 0.000000, 0.000000, -0.000000
30230, 0.000000, 0.000000, 0.000000, 0.000000, -0.000000
40317, 0.000000, 0.000000, 0.000000, 0.000000, -0.000000
50419, 0.000000, 0.000000, 0.000000, 0.000000, -0.000000
60526, 0.000000, 0.000000, 0.000000, 0.000000, -0.000000
70641, 0.000000, 0.000000, 0.000000, 0.000000, -0.000000
80762, 0.000000, 0.000000, 0.000000, 0.000000, -0.000000
90883, 0.000000, 0.000000, 0.000000, 0.000000, -0.000000
101008, 0.000000, 0.000000, 0.000000, 0.000000, -0.000000
111138, 0.000000, 0.000000, 0.000000, 0.000000, -0.000000
121305, 0.000000, 0.000000, 0.000000, 0.000000, -0.000000
131455, 0.000000, 0.000000, 0.000000, 0.000000, -0.000000
141709, 0.000000, 0.000000, 0.000000, 0.000000, -0.000000
151951, 0.000000, 0.000000, 0.000000, 0.000000, -0.000000
162077, 0.000000, 0.000000, 0.000000, 0.000000, -0.000000
172284, 0.000000, 0.000000, 0.000000, 0.000000, -0.000000
182403, 0.000000, 0.000000, 0.000000, 0.000000, -0.000000
192652, 0.000000, 0.000000, 0.000000, 0.000000, -0.000000
202775, 0.000000, 0.000000, 0.000000, 0.000000, -0.000000
212896, 0.000000, 0.000000, 0.000000, 0.000000, -0.000000
223137, 0.000000, 0.000000, 0.000000, 0.000000, -0.000000
233328, 0.000000, 0.000000, 0.000000, 0.000000, -0.000000
243580, 0.000000, 0.000000, 0.000000, 0.000000, -0.000000
253678, 0.000000, 0.000000, 0.000000, 0.000000, -0.000000
263931, 0.000000, 0.000000, 0.000000, 0.000000, -0.000000
274039, 0.000000, 0.000000, 0.000000, 0.000000, -0.000000
284266, 0.000000, 0.000000, 0.000000, 0.000000, -0.000000
294383, 0.000000, 0.000000, 0.000000, 0.000000, -0.000000
304636, 0.000000, 0.000000, 0.000000, 0.000000, -0.000000
314762, 0.000000, 0.000000, 0.000000, 0.000000, -0.000000
325029, 0.000000, 0.000000, 0.000000, 0.000000, -0.000000
335289, 0.000000, 0.000000, 0.000000, 0.000000, -0.000000
345375, 0.000000, 0.000000, 0.000000, 0.000000, -0.000000
355475, 0.000000, 0.000000, 0.000000, 0.000000, -0.000000
365606, 0.000000, 0.000000, 0.000000, 0.000000, -0.000000
375703, 0.000000, 0.000000, 0.000000, 0.000000, -0.000000
385784, 0.000000, 0.000000, 0.000000, 0.000000, -0.000000
395905, 0.000000, 0.000000, 0.000000, 0.000000, -0.000000
406026, 0.000000, 0.000000, 0.000000, 0.000000, -0.000000
416147, 0.000000, 0.000000, 0.000000, 0.000000, -0.000000
426265, 0.000000, 0.000000, 0.000000, 0.000000, -0.000000
436388, 0.000000, 0.000000, 0.000000, 0.000000, -0.000000
446513, 0.000000, 0.000000, 0.000000, 0.000000, -0.000000
456751, 0.000000, 0.000000, 0.000000, 0.000000, -0.000000
466868, 0.000000, 0.000000, 0.000000, 0.000000, -0.000000
477104, 0.000000, 0.000000, 0.000000, 0.000000, -0.000000
487221, 0.000000, 0.000000, 0.000000, 0.000000, -0.000000
497471, 0.000000, 0.000000, 0.000000, 0.000000, -0.000000
507724, 0.000000, 0.000000, 0.000000, 0.000000, -0.000000
517787, 0.000000, 0.000000, 0.000000, 0.000000, -0.000000
528051, 0.000000, 0.000000, 0.000000, 0.000000, -0.000000
538174, 0.000000, 0.000000, 0.000000, 0.000000, -0.000000
548434, 0.000000, 0.000000, 0.000000, 0.000000, -0.000000
558552, 0.000000, 0.000000, 0.000000, 0.000000, -0.000000
568799, 0.000000, 0.000000, 0.000000, 0.000000, -0.000000
578915, 0.000000, 0.000000, 0.000000, 0.000000, -0.000000
589006, 0.000000, 0.000000, 0.000000, 0.000000, -0.000000
599245, 0.000000, 0.000000, 0.000000, 0.000000, -0.000000
609452, 0.000000, 0.000000, 0.000000, 0.000000, -0.000000
619581, 0.000000, 0.000000, 0.000000, 0.000000, -0.000000
629828, 0.000000, 0.000000, 0.000000, 0.000000, -0.000000
640107, 0.000000, 0.000000, 0.000000, 0.000000, -0.000000
650193, 0.000000, 0.000000, 0.000000, 0.000000, -0.000000
660305, 0.000000, 0.000000, 0.000000, 0.000000, -0.000000
670402, 0.000000, 0.000000, 0.000000, 0.000000, -0.000000
680518, 0.000000, 0.000000, 0.000000, 0.000000, -0.000000
690601, 0.000000, 0.000000, 0.000000, 0.000000, -0.000000
700722, 0.000000, 0.000000, 0.000000, 0.000000, -0.000000
710843, 0.000000, 0.000000, 0.000000, 0.000000, -0.000000
720961, 0.000000, 0.000000, 0.000000, 0.000000, -0.000000
731083, 0.000000, 0.000000, 0.000000, 0.000000, -0.000000
741204, 0.000000, 0.000000, 0.000000, 0.000000, -0.000000
751324, 0.000000, 0.000000, 0.000000, 0.000000, -0.000000
761443, 0.000000, 0.000000, 0.000000, 0.000000, -0.000000
771561, 0.000000, 0.000000, 0.000000, 0.000000, -0.000000
781670, 0.000000, 0.000000, 0.000000, 0.000000, -0.000000
791882, 0.000000, 0.000000, 0.000000, 0.000000, -0.000000
801999, 0.000000, 0.000000, 0.000000, 0.000000, -0.000000
812240, 0.000000, 0.000000, 0.000000, 0.000000, -0.000000
822359, 0.000000, 0.000000, 0.000000, 0.000000, -0.000000
832607, 0.000000, 0.000000, 0.000000, 0.000000, -0.000000
842726, 0.000000, 0.000000, 0.000000, 0.000000, -0.000000
852917, 0.000000, 0.000000, 0.000000, 0.000000, -0.000000
863157, 0.000000, 0.000000, 0.000000, 0.000000, -0.000000
873275, 0.000000, 0.000000, 0.000000, 0.000000, -0.000000
883413, 0.000000, 0.000000, 0.000000, 0.000000, -0.000000
893684, 0.000000, 0.000000, 0.000000, 0.000000, -0.000000
903821, 0.000000, 0.000000, 0.000000, 0.000000, -0.000000
913907, 0.000000, 0.000000, 0.000000, 0.000000, -0.000000
924161, 0.000000, 0.000000, 0.000000, 0.000000, -0.000000
934280, 0.000000, 0.000000, 0.000000, 0.000000, -0.000000
944512, 0.000000, 0.000000, 0.000000, 0.000000, -0.000000
954639, 0.000000, 0.000000, 0.000000, 0.000000, -0.000000
964907, 0.000000, 0.000000, 0.000000, 0.000000, -0.000000
975020, 0.000000, 0.000000, 0.000000, 0.000000, -0.000000
985286, 0.000000, 0.000000, 0.000000, 0.000000, -0.000000
995373, 0.000000, 0.000000, 0.000000, 0.000000, -0.000000
1005457, 0.000000, 0.000000, 0.000000, 0.000000, -0.000000
1015562, 0.000000, 0.000000, 0.000000, 0.000000, -0.000000
1025665, 0.000000, 0.000000, 0.000000, 0.000000, -0.000000
1035789, 0.000000, 0.000000, 0.000000, 0.000000, -0.000000
1045894, 0.000000, 0.000000, 0.000000, 0.000000, -0.000000
1056015, 0.000000, 0.000000, 0.000000, 0.000000, -0.000000
1066139, 0.000000, 0.000000, 0.000000, 0.000000, -0.000000
1076252, 0.000000, 0.000000, 0.000000, 0.000000, -0.000000
1086383, 0.000000, 0.000000, 0.000000, 0.000000, -0.000000
1096501, 0.000000, 0.000000, 0.000000, 0.000000, -0.000000
1106621, 0.000000, 0.000000, 0.000000, 0.000000, -0.000000
1116857, 0.000000, 0.000000, 0.000000, 0.000000, -0.000000
1127097, 0.000000, 0.000000, 0.000000, 0.000000, -0.000000
1137214, 0.000000, 0.000000, 0.000000, 0.000000, -0.000000
1147467, 0.000000, 0.000000, 0.000000, 0.000000, -0.000000
1157610, 0.000000, 0.000000, 0.000000, 0.000000, -0.000000
1167696, 0.000000, 0.000000, 0.000000, 0.000000, -0.000000
1177760, 0.000000, 0.000000, 0.000000, 0.000000, -0.000000
1187873, 0.000000, 0.000000, 0.000000, 0.000000, -0.000000
1197957, 0.000000, 0.000000, 0.000000, 0.000000, -0.000000
1208215, 0.000000, 0.000000, 0.000000, 0.000000, -0.000000
1218333, 0.000000, 0.000000, 0.000000, 0.000000, -0.000000
1228577, 0.000000, 0.000000, 0.000000, 0.000000, -0.000000
1238700, 0.000000, 0.000000, 0.000000, 0.000000, -0.000000
1248970, 0.000000, 0.000000, 0.000000, 0.000000, -0.000000
1259086, 0.000000, 0.000000, 0.000000, 0.000000, -0.000000
1269335, 0.000000, 0.000000, 0.000000, 0.000000, -0.000000
1279580, 0.000000, 0.000000, 0.000000, 0.000000, -0.000000
1289668, 0.000000, 0.000000, 0.000000, 0.000000, -0.000000
1299786, 0.000000, 0.000000, 0.000000, 0.000000, -0.000000
1309870, 0.000000, 0.000000, 0.000000, 0.000000, -0.000000
1320079, 0.000000, 0.000000, 0.000000, 0.000000, -0.000000
1330246, 0.000000, 0.000000, 0.000000, 0.000000, -0.000000
1340326, 0.000000, 0.000000, 0.000000, 0.000000, -0.000000
1350438, 0.000000, 0.000000, 0.000000, 0.000000, -0.000000
1360554, 0.000000, 0.000000, 0.000000, 0.000000, -0.000000
1370668, 0.000000, 0.000000, 0.000000, 0.000000, -0.000000
1380788, 0.000000, 0.000000, 0.000000, 0.000000, -0.000000
1390899, 0.000000, 0.000000, 0.000000, 0.000000, -0.000000
1400983, 0.000000, 0.000000, 0.000000, 0.000000, -0.000000
1411104, 0.000000, 0.000000, 0.000000, 0.000000, -0.000000
1421224, 0.000000, 0.000000, 0.000000, 0.000000, -0.000000
1431344, 0.000000, 0.000000, 0.000000, 0.000000, -0.000000
1441464, 0.000000, 0.000000, 0.000000, 0.000000, -0.000000
1451693, 0.000000, 0.000000, 0.000000, 0.000000, -0.000000
1461793, 0.000000, 0.000000, 0.000000, 0.000000, -0.000000
1471908, 0.000000, 0.000000, 0.000000, 0.000000, -0.000000
1481991, 0.000000, 0.000000, 0.000000, 0.000000, -0.000000
1492183, 0.000000, 0.000000, 0.000000, 0.000000, -0.000000
1502307, 0.000000, 0.000000, 0.000000, 0.000000, -0.000000
1512549, 0.000000, 0.000000, 0.000000, 0.000000, -0.000000
1522676, 0.000000, 0.000000, 0.000000, 0.000000, -0.000000
1532931, 0.000000, 0.000000, 0.000000, 0.000000, -0.000000
1543172, 0.000000, 0.000000, 0.000000, 0.000000, -0.000000
1553382, 0.000000, 0.000000, 0.000000, 0.000000, -0.000000
1563622, 0.000000, 0.000000, 0.000000, 0.000000, -0.000000
1573684, 0.000000, 0.000000, 0.000000, 0.000000, -0.000000
1583940, 0.000000, 0.000000, 0.000000, 0.000000, -0.000000
1594058, 0.000000, 0.000000, 0.000000, 0.000000, -0.000000
1604272, 0.000000, 0.000000, 0.000000, 0.000000, -0.000000
1614396, 0.000000, 0.000000, 0.000000, 0.000000, -0.000000
1624660, 0.000000, 0.000000, 0.000000, 0.000000, -0.000000
1634779, 0.000000, 0.000000, 0.000000, 0.000000, -0.000000
1645037, 0.000000, 0.000000, 0.000000, 0.000000, -0.000000
1655311, 0.000000, 0.000000, 0.000000, 0.000000, -0.000000
1665399, 0.000000, 0.000000, 0.000000, 0.000000, -0.000000
1675526, 0.000000, 0.000000, 0.000000, 0.000000, -0.000000
1685658, 0.000000, 0.000000, 0.000000, 0.000000, -0.000000
1695778, 0.000000, 0.000000, 0.000000, 0.000000, -0.000000
1705857, 0.000000, 0.000000, 0.000000, 0.000000, -0.000000
1715980, 0.000000, 0.000000, 0.000000, 0.000000, -0.000000
1726102, 0.000000, 0.000000, 0.000000, 0.000000, -0.000000
1736222, 0.000000, 0.000000, 0.000000, 0.000000, -0.000000
1746341, 0.000000, 0.000000, 0.000000, 0.000000, -0.000000
1756462, 0.000000, 0.000000, 0.000000, 0.000000, -0.000000
1766579, 0.000000, 0.000000, 0.000000, 0.000000, -0.000000
1776710, 0.000000, 0.000000, 0.000000, 0.000000, -0.000000
1786828, 0.000000, 0.000000, 0.000000, 0.000000, -0.000000
1797078, 0.000000, 0.000000, 0.000000, 0.000000, -0.000000
1807322, 0.000000, 0.000000, 0.000000, 0.000000, -0.000000
1817576, 0.000000, 0.000000, 0.000000, 0.000000, -0.000000
1827693, 0.000000, 0.000000, 0.000000, 0.000000, -0.000000
1837800, 0.000000, 0.000000, 0.000000, 0.000000, -0.000000
1848049, 0.000000, 0.000000, 0.000000, 0.000000, -0.000000
1858172, 0.000000, 0.000000, 0.000000, 0.000000, -0.000000
1868370, 0.000000, 0.000000, 0.000000, 0.000000, -0.000000
1878490, 0.000000, 0.000000, 0.000000, 0.000000, -0.000000
1888735, 0.000000, 0.000000, 0.000000, 0.000000, -0.000000
1898864, 0.000000, 0.000000, 0.000000, 0.000000, -0.000000
1909139, 0.000000, 0.000000, 0.000000, 0.000000, -0.000000
1919381, 0.000000, 0.000000, 0.000000, 0.000000, -0.000000
1929642, 0.000000, 0.000000, 0.000000, 0.000000, -0.000000
1939893, 0.000000, 0.000000, 0.000000, 0.000000, -0.000000
1949976, 0.000000, 0.000000, 0.000000, 0.000000, -0.000000
1960187, 0.000000, 0.000000, 0.000000, 0.000000, -0.000000
1970270, 0.000000, 0.000000, 0.000000, 0.000000, -0.000000
1980352, 0.000000, 0.000000, 0.000000, 0.000000, -0.000000
1990449, 0.000000, 0.000000, 0.000000, 0.000000, -0.000000
2000565, 0.000000, 0.000000, 0.000000, 0.000000, -0.000000
2010678, 0.000000, 0.000000, 0.000000, 0.000000, -0.000000
2020802, 0.000000, 0.000000, 0.000000, 0.000000, -0.000000
2030927, 0.000000, 0.000000, 0.000000, 0.000000, -0.000000
2041047, 0.000000, 0.000000, 0.000000, 0.000000, -0.000000
2051155, 0.000000, 0.000000, 0.000000, 0.000000, -0.000000
2061265, 0.000000, 0.000000, 0.000000, 0.000000, -0.000000
2071386, 0.000000, 0.000000, 0.000000, 0.000000, -0.000000
2081510, 0.000000, 0.000000, 0.000000, 0.000000, -0.000000
2091623, 0.000000, 0.000000, 0.000000, 0.000000, -0.000000
2101699, 0.000000, 0.000000, 0.000000, 0.000000, -0.000000
2111931, 0.000000, 0.000000, 0.000000, 0.000000, -0.000000
2122038, 0.000000, 0.000000, 0.000000, 0.000000, -0.000000
2132264, 0.000000, 0.000000, 0.000000, 0.000000, -0.000000
2142382, 0.000000, 0.000000, 0.000000, 0.000000, -0.000000
2152615, 0.000000, 0.000000, 0.000000, 0.000000, -0.000000
2162742, 0.000000, 0.000000, 0.000000, 0.000000, -0.000000
2172939, 0.000000, 0.000000, 0.000000, 0.000000, -0.000000
2183181, 0.000000, 0.000000, 0.000000, 0.000000, -0.000000
2193286, 0.000000, 0.000000, 0.000000, 0.000000, -0.000000
2203403, 0.000000, 0.000000, 0.000000, 0.000000, -0.000000
2213541, 0.000000, 0.000000, 0.000000, 0.000000, -0.000000
2223792, 0.000000, 0.000000, 0.000000, 0.000000, -0.000000
2233878, 0.000000, 0.000000, 0.000000, 0.000000, -0.000000
2244135, 0.000000, 0.000000, 0.000000, 0.000000, -0.000000
2254252, 0.000000, 0.000000, 0.000000, 0.000000, -0.000000
2264456, 0.000000, 0.000000, 0.000000, 0.000000, -0.000000
2274574, 0.000000, 0.000000, 0.000000, 0.000000, -0.000000
2284846, 0.000000, 0.000000, 0.000000, 0.000000, -0.000000
2294957, 0.000000, 0.000000, 0.000000, 0.000000, -0.000000
2305239, 0.000000, 0.000000, 0.000000, 0.000000, -0.000000
2315332, 0.000000, 0.000000, 0.000000, 0.000000, -0.000000
2325419, 0.000000, 0.000000, 0.000000, 0.000000, -0.000000
2335531, 0.000000, 0.000000, 0.000000, 0.000000, -0.000000
2345660, 0.000000, 0.000000, 0.000000, 0.000000, -0.000000
2355782, 0.000000, 0.000000, 0.000000, 0.000000, -0.000000
2365882, 0.000000, 0.000000, 0.000000, 0.000000, -0.000000
2376005, 0.000000, 0.000000, 0.000000, 0.000000, -0.000000
2386136, 0.000000, 0.000000, 0.000000, 0.000000, -0.000000
2396255, 0.000000, 0.000000, 0.000000, 0.000000, -0.000000
2406379, 0.000000, 0.000000, 0.000000, 0.000000, -0.000000
2416498, 0.000000, 0.000000, 0.000000, 0.000000, -0.000000
2426615, 0.000000, 0.000000, 0.000000, 0.000000, -0.000000
2436829, 0.000000, 0.000000, 0.000000, 0.000000, -0.000000
2447068, 0.000000, 0.000000, 0.000000, 0.000000, -0.000000
2457316, 0.000000, 0.000000, 0.000000, 0.000000, -0.000000
2467556, 0.000000, 0.000000, 0.000000, 0.000000, -0.000000
2477683, 0.000000, 0.000000, 0.000000, 0.000000, -0.000000
2487801, 0.000000, -0.001000, -0.001000, 0.250000, -0.000000
2497888, 0.000000, -0.001000, -0.001000, 0.250000, -0.000000
2508126, 0.000000, -0.001000, -0.001000, 0.250000, -0.000000
2518244, 0.000000, -0.002000, -0.002000, 0.437500, -0.000000
2528505, 0.000000, -0.003000, 0.003000, 0.078125, 0.064235
2538629, 0.000000, -0.004000, 0.004000, -0.191406, 0.065144
2548872, 0.000000, -0.006000, 0.006000, -0.170166, 0.066674
2559109, 0.000000, -0.007000, 0.007000, -0.377625, 0.066285
2569329, 0.000000, -0.008000, -0.008000, -0.033218, 0.032363
2579555, 0.000000, -0.009000, 0.009000, -0.274914, 0.067479
2589685, 0.000000, -0.011000, 0.011000, -0.217139, 0.070342
2599938, 0.000000, -0.012000, 0.012000, -0.412854, 0.075496
2610048, 0.000000, -0.013000, -0.013000, -0.059641, 0.039071
2620189, 0.000000, -0.014000, 0.014000, -0.294731, 0.079749
2630271, 0.000000, -0.016000, -0.016000, -0.103286, 0.044029
2640358, 0.000000, -0.017000, 0.017000, -0.327464, 0.092397
2650458, 0.000000, -0.018000, -0.018000, 0.004402, 0.047603
2660569, 0.000000, -0.019000, 0.019000, -0.246699, 0.100501
2670682, 0.000000, -0.019000, 0.019000, -0.576268, 0.054744
2680803, 0.000000, -0.018000, 0.018000, -0.682201, 0.117858
2690922, -0.001000, -0.017000, 0.016000, -0.761651, 0.120878
2701042, -0.002000, -0.016000, 0.014000, -0.821238, 0.064209
2711161, -0.004000, -0.014000, 0.010000, -0.899446, 0.066141
2721281, -0.005000, -0.013000, 0.008000, -0.924585, 0.140905
2731408, -0.006000, -0.012000, 0.006000, -0.943439, 0.145871
2741663, -0.007000, -0.011000, 0.004000, -0.957579, 0.074833
2751781, -0.009000, -0.009000, 0.000000, -0.976138, 0.159328
2761886, -0.010000, -0.008000, -0.002000, -0.982104, 0.082421
2772091, -0.011000, -0.007000, -0.004000, -0.986578, 0.166323
2782218, -0.012000, -0.006000, -0.006000, -0.989933, 0.084531
2792432, -0.014000, -0.004000, -0.010000, -0.994337, 0.183197
2802558, -0.015000, -0.003000, -0.012000, -0.995753, 0.089877
2812807, -0.016000, -0.002000, -0.014000, -0.996815, 0.184311
2822935, -0.017000, -0.001000, -0.016000, -0.997611, 0.184965
2833049, -0.019000, 0.001000, -0.020000, -0.998656, 0.190990
2843290, -0.020000, 0.002000, -0.022000, -0.998992, 0.192004
2853504, -0.021000, 0.003000, -0.024000, -0.999244, 0.097257
2863755, -0.022000, 0.004000, -0.026000, -0.999433, 0.196374
2873824, -0.023000, 0.005000, -0.028000, -0.999575, 0.200886
2884073, -0.025000, 0.007000, -0.032000, -0.999761, 0.200123
2894204, -0.026000, 0.008000, -0.034000, -0.999821, 0.099118
2904447, -0.027000, 0.009000, -0.036000, -0.999865, 0.201460
2914563, -0.028000, 0.010000, -0.038000, -0.999899, 0.098224
2924823, -0.030000, 0.012000, -0.042000, -0.999943, 0.193510
2934951, -0.031000, 0.013000, -0.044000, -0.999957, 0.192641
2945252, -0.032000, 0.014000, -0.046000, -0.999968, 0.093703
2955344, -0.033000, 0.015000, -0.048000, -0.999976, 0.182932
2965429, -0.035000, 0.017000, -0.052000, -0.999987, 0.091299
2975547, -0.036000, 0.018000, -0.054000, -0.999990, 0.179209
2985659, -0.037000, 0.019000, -0.056000, -0.999992, 0.087368
2995780, -0.038000, 0.020000, -0.058000, -0.999994, 0.180778
3005856, -0.040000, 0.022000, -0.062000, -0.999997, 0.084284
3015977, -0.041000, 0.023000, -0.064000, -0.999998, 0.165505
3026095, -0.042000, 0.024000, -0.066000, -0.999998, 0.162089
3036220, -0.043000, 0.025000, -0.068000, -0.999999, 0.079422
3046344, -0.045000, 0.027000, -0.072000, -0.999999, 0.150028
3056470, -0.046000, 0.028000, -0.074000, -0.999999, 0.076444
3066590, -0.047000, 0.029000, -0.076000, -1.000000, 0.147445
3076830, -0.048000, 0.030000, -0.078000, -1.000000, 0.069205
3087057, -0.050000, 0.032000, -0.082000, -1.000000, 0.137679
3097302, -0.051000, 0.033000, -0.084000, -1.000000, 0.063708
3107550, -0.052000, 0.034000, -0.086000, -1.000000, 0.127824
3117660, -0.053000, 0.035000, -0.088000, -1.000000, 0.127828
3127883, -0.055000, 0.037000, -0.092000, -1.000000, 0.118873
3137965, -0.056000, 0.038000, -0.094000, -1.000000, 0.059085
3148224, -0.057000, 0.039000, -0.096000, -1.000000, 0.120522
3158355, -0.058000, 0.040000, -0.098000, -1.000000, 0.117120
3168475, -0.060000, 0.042000, -0.102000, -1.000000, 0.111911
3178598, -0.061000, 0.043000, -0.104000, -1.000000, 0.109661
3188859, -0.062000, 0.044000, -0.106000, -1.000000, 0.054812
3199098, -0.063000, 0.045000, -0.108000, -1.000000, 0.103965
3209373, -0.064000, 0.046000, -0.110000, -1.000000, 0.106685
3219508, -0.066000, 0.048000, -0.114000, -1.000000, 0.102257
3229807, -0.067000, 0.049000, -0.116000, -1.000000, 0.103968
3240060, -0.068000, 0.050000, -0.118000, -1.000000, 0.054038
3250200, -0.070000, 0.052000, -0.122000, -1.000000, 0.052235
3260325, -0.071000, 0.053000, -0.124000, -1.000000, 0.105505
3270422, -0.072000, 0.054000, -0.126000, -1.000000, 0.105900
3280528, -0.073000, 0.055000, -0.128000, -1.000000, 0.050739
3290643, -0.074000, 0.056000, -0.130000, -1.000000, 0.103056
3300767, -0.076000, 0.058000, -0.134000, -1.000000, 0.052852
3310886, -0.077000, 0.059000, -0.136000, -1.000000, 0.100942
3321006, -0.078000, 0.060000, -0.138000, -1.000000, 0.050207
3331127, -0.079000, 0.061000, -0.140000, -1.000000, 0.101194
3341245, -0.080000, 0.061000, -0.019000, -0.500000, 0.049797
3351365, -0.080000, 0.062000, -0.142000, -0.625000, 0.097978
3361621, -0.080000, 0.063000, -0.143000, -0.718750, 0.099694
3371851, -0.081000, 0.064000, -0.145000, -0.789062, 0.051019
3381963, -0.083000, 0.066000, -0.149000, -0.881348, 0.099784
3392202, -0.083000, 0.065000, -0.018000, -0.411011, 0.049761
3402327, -0.083000, 0.066000, -0.149000, -0.558258, 0.096717
3412576, -0.083000, 0.067000, -0.150000, -0.668694, 0.099100
3422693, -0.085000, 0.069000, -0.154000, -0.813640, 0.098162
3432950, -0.085000, 0.068000, -0.017000, -0.360230, 0.048024
3443189, -0.085000, 0.069000, -0.154000, -0.520173, 0.097343
3453404, -0.085000, 0.070000, -0.155000, -0.640129, 0.094542
3463528, -0.085000, 0.068000, -0.153000, -0.422573, 0.092975
3473656, -0.085000, 0.069000, -0.154000, -0.566930, 0.095405
3483911, -0.085000, 0.068000, -0.017000, -0.175197, 0.046874
3494034, -0.085000, 0.067000, -0.152000, -0.381398, 0.093386
3504151, -0.085000, 0.068000, -0.153000, -0.536048, -0.000000
3514273, -0.085000, 0.066000, -0.151000, -0.364027, 0.091428
3524534, -0.085000, 0.067000, -0.152000, -0.523020, 0.091110
3534656, -0.085000, 0.066000, -0.019000, -0.142265, 0.045988
3544926, -0.085000, 0.065000, -0.150000, -0.356699, 0.091916
3555198, -0.085000, 0.063000, -0.148000, -0.263143, 0.094321
3565335, -0.085000, 0.062000, -0.147000, -0.447357, 0.094181
3575422, -0.085000, 0.061000, -0.024000, -0.085518, 0.046634
3585507, -0.085000, 0.060000, -0.145000, -0.314139, 0.091754
3595627, -0.085000, 0.058000, -0.027000, -0.114203, 0.044833
3605687, -0.085000, 0.057000, -0.142000, -0.335652, 0.092466
3615808, -0.085000, 0.056000, -0.029000, -0.001739, 0.046834
3625909, -0.085000, 0.055000, -0.140000, -0.251304, 0.095956
3636024, -0.085000, 0.053000, -0.032000, -0.078859, 0.045423
3646143, -0.085000, 0.052000, -0.137000, -0.309144, 0.094363
3656265, -0.085000, 0.051000, -0.136000, -0.481858, 0.096449
3666382, -0.085000, 0.050000, -0.035000, -0.111394, 0.049252
3676616, -0.085000, 0.050000, -0.135000, -0.500159, 0.050010
3686735, -0.085000, 0.051000, -0.136000, -0.625119, 0.102576
3696976, -0.085000, 0.052000, -0.137000, -0.718839, 0.102695
3707220, -0.086000, 0.053000, -0.139000, -0.789130, 0.050888
3717438, -0.088000, 0.055000, -0.143000, -0.881385, 0.104978
3727691, -0.089000, 0.056000, -0.145000, -0.911039, 0.054252
3737792, -0.090000, 0.057000, -0.147000, -0.933279, 0.108061
3748047, -0.091000, 0.058000, -0.149000, -0.949959, 0.106920
3758165, -0.093000, 0.060000, -0.153000, -0.971852, 0.110311
3768420, -0.094000, 0.061000, -0.155000, -0.978889, 0.109548
3778542, -0.095000, 0.062000, -0.157000, -0.984167, 0.056382
3788800, -0.096000, 0.063000, -0.159000, -0.988125, 0.113956
3798918, -0.098000, 0.065000, -0.163000, -0.993320, 0.059593
3809173, -0.099000, 0.066000, -0.165000, -0.994990, 0.117013
3819276, -0.100000, 0.067000, -0.167000, -0.996243, 0.058498
3829549, -0.101000, 0.068000, -0.169000, -0.997182, 0.117301
3839683, -0.102000, 0.069000, -0.171000, -0.997887, 0.117882
3849792, -0.104000, 0.071000, -0.175000, -0.998811, 0.116955
3860046, -0.105000, 0.072000, -0.177000, -0.999108, 0.117561
3870202, -0.106000, 0.073000, -0.179000, -0.999331, 0.057021
3880327, -0.107000, 0.074000, -0.181000, -0.999498, 0.113412
3890441, -0.109000, 0.076000, -0.185000, -0.999718, 0.058966
3900541, -0.110000, 0.077000, -0.187000, -0.999788, 0.118548
3910658, -0.111000, 0.078000, -0.189000, -0.999841, 0.057942
3920780, -0.112000, 0.079000, -0.191000, -0.999881, 0.117667
3930899, -0.114000, 0.081000, -0.195000, -0.999933, 0.058037
3941020, -0.115000, 0.082000, -0.197000, -0.999950, 0.116185
3951140, -0.116000, 0.083000, -0.199000, -0.999962, 0.114538
3961258, -0.117000, 0.084000, -0.201000, -0.999972, 0.058246
3971372, -0.119000, 0.086000, -0.205000, -0.999984, 0.117769
3981492, -0.120000, 0.087000, -0.207000, -0.999988, 0.060356
3991581, -0.121000, 0.088000, -0.209000, -0.999991, 0.117819
4001798, -0.122000, 0.089000, -0.211000, -0.999993, 0.058539
4012024, -0.124000, 0.091000, -0.215000, -0.999996, 0.118319
4022146, -0.125000, 0.092000, -0.217000, -0.999997, 0.057218
4032389, -0.126000, 0.093000, -0.219000, -0.999998, 0.112737
4042508, -0.127000, 0.094000, -0.221000, -0.999998, 0.117532
4052697, -0.129000, 0.096000, -0.225000, -0.999999, 0.113620
4062814, -0.130000, 0.097000, -0.227000, -0.999999, 0.116877
4072929, -0.131000, 0.098000, -0.229000, -0.999999, 0.059431
4083040, -0.132000, 0.099000, -0.231000, -1.000000, 0.120719
4093153, -0.134000, 0.101000, -0.235000, -1.000000, 0.118252
4103348, -0.135000, 0.102000, -0.237000, -1.000000, 0.120507
4113630, -0.136000, 0.103000, -0.239000, -1.000000, 0.058490
4123888, -0.137000, 0.104000, -0.241000, -1.000000, 0.116394
4133967, -0.139000, 0.106000, -0.245000, -1.000000, 0.059432
4144225, -0.140000, 0.107000, -0.247000, -1.000000, 0.120942
4154348, -0.141000, 0.108000, -0.249000, -1.000000, 0.059935
4164611, -0.142000, 0.109000, -0.251000, -1.000000, 0.122532
4174722, -0.144000, 0.111000, -0.255000, -1.000000, 0.062163
4184978, -0.145000, 0.112000, -0.257000, -1.000000, 0.122469
4195252, -0.146000, 0.113000, -0.259000, -1.000000, 0.121845
4205340, -0.147000, 0.114000, -0.261000, -1.000000, 0.061599
4215447, -0.149000, 0.116000, -0.265000, -1.000000, 0.060624
4225563, -0.150000, 0.117000, -0.267000, -1.000000, 0.123309
4235681, -0.151000, 0.118000, -0.269000, -1.000000, 0.125449
4245759, -0.152000, 0.119000, -0.271000, -1.000000, 0.060699
4255878, -0.153000, 0.120000, -0.273000, -1.000000, 0.124582
4266003, -0.155000, 0.122000, -0.277000, -1.000000, 0.063121
4276124, -0.156000, 0.123000, -0.279000, -1.000000, 0.125013
4286243, -0.157000, 0.124000, -0.281000, -1.000000, 0.125436
4296364, -0.158000, 0.125000, -0.283000, -1.000000, 0.064203
4306481, -0.160000, 0.127000, -0.287000, -1.000000, 0.060097
4316720, -0.161000, 0.128000, -0.289000, -1.000000, 0.125981
4326966, -0.162000, 0.129000, -0.291000, -1.000000, 0.125439
4337175, -0.163000, 0.130000, -0.293000, -1.000000, 0.062585
4347413, -0.165000, 0.132000, -0.297000, -1.000000, 0.128383
4357689, -0.166000, 0.133000, -0.299000, -1.000000, 0.063859
4367945, -0.167000, 0.134000, -0.301000, -1.000000, 0.123611
4378053, -0.168000, 0.135000, -0.303000, -1.000000, 0.123359
4388296, -0.170000, 0.137000, -0.307000, -1.000000, 0.121735
4398424, -0.171000, 0.138000, -0.309000, -1.000000, 0.058861
4408691, -0.172000, 0.139000, -0.311000, -1.000000, 0.124799
4418925, -0.173000, 0.140000, -0.313000, -1.000000, 0.120766
4429167, -0.175000, 0.142000, -0.317000, -1.000000, 0.119138
4439417, -0.176000, 0.143000, -0.319000, -1.000000, 0.121530
4449711, -0.177000, 0.144000, -0.321000, -1.000000, 0.059001
4459965, -0.178000, 0.145000, -0.323000, -1.000000, 0.114639
4470084, -0.180000, 0.147000, -0.327000, -1.000000, 0.116406
4480318, -0.181000, 0.148000, -0.329000, -1.000000, 0.113853
4490415, -0.182000, 0.149000, -0.331000, -1.000000, 0.054250
4500517, -0.183000, 0.150000, -0.333000, -1.000000, 0.113838
4510634, -0.185000, 0.152000, -0.337000, -1.000000, 0.054589
4520755, -0.186000, 0.153000, -0.339000, -1.000000, 0.111349
4530876, -0.187000, 0.154000, -0.341000, -1.000000, 0.114813
4541001, -0.188000, 0.155000, -0.343000, -1.000000, 0.056768
4551119, -0.190000, 0.157000, -0.347000, -1.000000, 0.055013
4561240, -0.191000, 0.158000, -0.349000, -1.000000, 0.111643
4571360, -0.192000, 0.159000, -0.351000, -1.000000, 0.107111
4581619, -0.193000, 0.160000, -0.353000, -1.000000, 0.052260
4591736, -0.195000, 0.162000, -0.357000, -1.000000, 0.105692
4601824, -0.196000, 0.163000, -0.359000, -1.000000, 0.052237
4612062, -0.197000, 0.164000, -0.361000, -1.000000, 0.100795
4622186, -0.198000, 0.165000, -0.363000, -1.000000, 0.050871
4632304, -0.200000, 0.167000, -0.367000, -1.000000, 0.103097
4642427, -0.201000, 0.168000, -0.369000, -1.000000, 0.051167
4652676, -0.202000, 0.169000, -0.371000, -1.000000, 0.102532
4662912, -0.203000, 0.170000, -0.373000, -1.000000, 0.103564
4672981, -0.205000, 0.172000, -0.377000, -1.000000, 0.097315
4683224, -0.206000, 0.173000, -0.379000, -1.000000, 0.101449
4693485, -0.207000, 0.174000, -0.381000, -1.000000, 0.050814
4703613, -0.208000, 0.175000, -0.383000, -1.000000, 0.100008
4713744, -0.209000, 0.176000, -0.385000, -1.000000, -0.000000
4724004, -0.211000, 0.178000, -0.389000, -1.000000, 0.103783
4734110, -0.212000, 0.179000, -0.391000, -1.000000, 0.050950
4744370, -0.213000, 0.180000, -0.393000, -1.000000, 0.102197
4754486, -0.214000, 0.181000, -0.395000, -1.000000, -0.000000
4764738, -0.216000, 0.183000, -0.399000, -1.000000, 0.100084
4774866, -0.217000, 0.184000, -0.401000, -1.000000, 0.099099
4785168, -0.218000, 0.185000, -0.403000, -1.000000, 0.050251
4795309, -0.219000, 0.186000, -0.405000, -1.000000, 0.099968
4805428, -0.219000, 0.186000, -0.405000, -0.625000, 0.098817
4815544, -0.219000, 0.187000, -0.406000, -0.718750, 0.100375
4825683, -0.220000, 0.188000, -0.408000, -0.789062, 0.051220
4835888, -0.221000, 0.189000, -0.410000, -0.841797, 0.099433
4845997, -0.222000, 0.189000, -0.033000, -0.411011, 0.048172
4856227, -0.222000, 0.190000, -0.412000, -0.558258, 0.096444
4866345, -0.222000, 0.191000, -0.413000, -0.668694, 0.098985
4876580, -0.222000, 0.190000, -0.032000, -0.251520, 0.048202
4886701, -0.222000, 0.188000, -0.034000, -0.078980, 0.048502
4896945, -0.222000, 0.187000, -0.409000, -0.309235, 0.096380
4907191, -0.222000, 0.186000, -0.408000, -0.481926, 0.097367
4917441, -0.222000, 0.185000, -0.037000, -0.111445, 0.048432
4927675, -0.222000, 0.185000, -0.407000, -0.500188, 0.099901
4937790, -0.222000, 0.184000, -0.038000, -0.125141, 0.049246
4948053, -0.222000, 0.183000, -0.405000, -0.343856, 0.097986
4958181, -0.222000, 0.184000, -0.406000, -0.507892, 0.097007
4968424, -0.222000, 0.182000, -0.404000, -0.348189, 0.097337
4978549, -0.222000, 0.181000, -0.041000, -0.011142, 0.047725
4988664, -0.222000, 0.180000, -0.402000, -0.258356, 0.094866
4998789, -0.222000, 0.179000, -0.401000, -0.443767, 0.098354
5009021, -0.222000, 0.177000, -0.399000, -0.312119, 0.094142
5019262, -0.222000, 0.176000, -0.398000, -0.484089, 0.095010
5029462, -0.222000, 0.175000, -0.047000, -0.113067, 0.047288
5039741, -0.222000, 0.174000, -0.396000, -0.334800, 0.093343
5049817, -0.222000, 0.174000, -0.048000, -0.125825, 0.046955
5060075, -0.222000, 0.173000, -0.395000, -0.344369, 0.091442
5070196, -0.222000, 0.172000, -0.050000, -0.008277, 0.045243
5080322, -0.222000, 0.171000, -0.393000, -0.256207, 0.089971
5090447, -0.222000, 0.169000, -0.053000, -0.081617, 0.044548
5100566, -0.222000, 0.168000, -0.390000, -0.311213, 0.089187
5110678, -0.222000, 0.167000, -0.389000, -0.483409, 0.089299
5120880, -0.222000, 0.166000, -0.056000, -0.112557, 0.043764
5131002, -0.222000, 0.166000, -0.388000, -0.500813, 0.088569
5141228, -0.222000, 0.165000, -0.057000, -0.125610, 0.043459
5151446, -0.222000, 0.164000, -0.386000, -0.344208, 0.084977
5161695, -0.222000, 0.163000, -0.059000, -0.008156, 0.042837
5171844, -0.222000, 0.162000, -0.384000, -0.256117, 0.083782
5181925, -0.222000, 0.160000, -0.062000, -0.081566, 0.040718
5192165, -0.222000, 0.159000, -0.381000, -0.311174, 0.079829
5202289, -0.222000, 0.158000, -0.380000, -0.483381, 0.079412
5212543, -0.222000, 0.157000, -0.065000, -0.112536, 0.040787
5222660, -0.222000, 0.157000, -0.379000, -0.500801, 0.080383
5232912, -0.222000, 0.156000, -0.066000, -0.125601, 0.040515
5243155, -0.222000, 0.155000, -0.377000, -0.344201, 0.079731
5253280, -0.222000, 0.156000, -0.378000, -0.508151, 0.079115
5263524, -0.222000, 0.154000, -0.376000, -0.348335, 0.078281
5273764, -0.222000, 0.153000, -0.069000, -0.011251, 0.037579
5284013, -0.222000, 0.152000, -0.374000, -0.258438, 0.075959
5294120, -0.222000, 0.151000, -0.373000, -0.443829, 0.077511
5304255, -0.222000, 0.149000, -0.371000, -0.312154, 0.072751
5314379, -0.222000, 0.148000, -0.370000, -0.484115, 0.073275
5324641, -0.222000, 0.147000, -0.075000, -0.113086, 0.036639
5334768, -0.222000, 0.146000, -0.368000, -0.334815, 0.071490
5345013, -0.222000, 0.144000, -0.366000, -0.250833, 0.072647
5355250, -0.222000, 0.143000, -0.365000, -0.438125, 0.072094
5365390, -0.222000, 0.142000, -0.080000, -0.078594, 0.035187
5375504, -0.222000, 0.141000, -0.363000, -0.308945, 0.069924
5385632, -0.222000, 0.139000, -0.083000, -0.111282, 0.033544
5395753, -0.222000, 0.138000, -0.360000, -0.333461, 0.068259
5405829, -0.222000, 0.139000, -0.361000, -0.500096, 0.069234
5415949, -0.222000, 0.138000, -0.084000, -0.125072, 0.033990
5426067, -0.222000, 0.136000, -0.086000, -0.007853, 0.033359
5436190, -0.222000, 0.135000, -0.357000, -0.255890, 0.067439
5446316, -0.222000, 0.134000, -0.356000, -0.441917, 0.068563
5456437, -0.222000, 0.133000, -0.089000, -0.081438, 0.033578
5466554, -0.222000, 0.131000, -0.353000, -0.483309, 0.065679
5476636, -0.222000, 0.130000, -0.092000, -0.112482, 0.033564
5486754, -0.222000, 0.129000, -0.351000, -0.334361, 0.067159
5496995, -0.222000, 0.130000, -0.352000, -0.500771, 0.065489
5507113, -0.222000, 0.128000, -0.350000, -0.344184, 0.066372
5517364, -0.222000, 0.127000, -0.095000, -0.008138, 0.032994
5527617, -0.222000, 0.126000, -0.348000, -0.256103, 0.066341
5537701, -0.222000, 0.125000, -0.347000, -0.442077, 0.065721
5547819, -0.222000, 0.123000, -0.345000, -0.311169, 0.064942
5557902, -0.222000, 0.122000, -0.344000, -0.483376, 0.065813
5568165, -0.222000, 0.121000, -0.101000, -0.112532, 0.032757
5578288, -0.222000, 0.120000, -0.342000, -0.334399, 0.065206
5588516, -0.222000, 0.121000, -0.343000, -0.500799, 0.065445
5598632, -0.222000, 0.119000, -0.341000, -0.344200, 0.066937
5608911, -0.222000, 0.118000, -0.104000, -0.008150, 0.032183
5619148, -0.222000, 0.117000, -0.339000, -0.256112, 0.064743
5629423, -0.222000, 0.116000, -0.338000, -0.442084, 0.065432
5639673, -0.222000, 0.114000, -0.336000, -0.311172, 0.063987
5649832, -0.222000, 0.113000, -0.335000, -0.483379, 0.062380
5660088, -0.222000, 0.112000, -0.110000, -0.112534, 0.030883
5670217, -0.222000, 0.110000, -0.112000, -0.000801, 0.031039
5680357, -0.222000, 0.109000, -0.331000, -0.250600, 0.063222
5690482, -0.222000, 0.108000, -0.330000, -0.437950, 0.062542
5700617, -0.222000, 0.107000, -0.115000, -0.078463, 0.031302
5710732, -0.222000, 0.106000, -0.328000, -0.308847, 0.060689
5720852, -0.222000, 0.104000, -0.118000, -0.111226, 0.030837
5731041, -0.222000, 0.103000, -0.325000, -0.333420, 0.061445
5741271, -0.222000, 0.102000, -0.120000, -0.000065, 0.029335
5751394, -0.222000, 0.101000, -0.323000, -0.250049, 0.057583
5761646, -0.222000, 0.099000, -0.123000, -0.078152, 0.028594
5771870, -0.222000, 0.098000, -0.320000, -0.308614, 0.053294
5781953, -0.222000, 0.097000, -0.319000, -0.481461, 0.054270
5792195, -0.222000, 0.096000, -0.126000, -0.111096, 0.028100
5802313, -0.222000, 0.094000, -0.316000, -0.499991, 0.056118
5812562, -0.222000, 0.093000, -0.129000, -0.124993, 0.027481
5822687, -0.222000, 0.092000, -0.314000, -0.343745, 0.054622
5832902, -0.222000, 0.091000, -0.131000, -0.007809, 0.027177
5843144, -0.222000, 0.089000, -0.311000, -0.441892, 0.054179
5853351, -0.222000, 0.088000, -0.134000, -0.081419, 0.027272
5863606, -0.222000, 0.087000, -0.309000, -0.311065, 0.052963
5873807, -0.222000, 0.086000, -0.308000, -0.483298, 0.051918
5884034, -0.222000, 0.084000, -0.306000, -0.334355, 0.052165
5894139, -0.222000, 0.085000, -0.307000, -0.500767, 0.050211
5904384, -0.222000, 0.084000, -0.138000, -0.125575, 0.023901
5914508, -0.222000, 0.083000, -0.305000, -0.344181, 0.050268
5924755, -0.222000, 0.081000, -0.141000, 0.243898, 0.049178
5934991, -0.222000, 0.080000, -0.302000, -0.067076, 0.050633
5945263, -0.222000, 0.079000, -0.143000, 0.199693, 0.024071
5955383, -0.222000, 0.078000, -0.144000, 0.399770, 0.048257
5965516, -0.222000, 0.080000, -0.142000, 0.662370, 0.024122
5975723, -0.222000, 0.081000, -0.141000, 0.746778, 0.048427
5985802, -0.221000, 0.082000, -0.139000, 0.810083, 0.023381
5996020, -0.220000, 0.083000, -0.137000, 0.857562, 0.047619
6006135, -0.218000, 0.085000, -0.133000, 0.919879, 0.024161
6016363, -0.217000, 0.086000, -0.131000, 0.939909, 0.046695
6026482, -0.216000, 0.087000, -0.129000, 0.954932, 0.045017
6036691, -0.215000, 0.088000, -0.127000, 0.966199, 0.021945
6046929, -0.213000, 0.090000, -0.123000, 0.980987, 0.047911
6057177, -0.212000, 0.091000, -0.121000, 0.985740, 0.023904
6067427, -0.211000, 0.092000, -0.119000, 0.989305, 0.046377
6077518, -0.210000, 0.093000, -0.117000, 0.991979, 0.023034
6087782, -0.208000, 0.095000, -0.113000, 0.995488, 0.046860
6097805, -0.207000, 0.096000, -0.111000, 0.996616, 0.023196
6108068, -0.206000, 0.097000, -0.109000, 0.997462, 0.045863
6118196, -0.205000, 0.098000, -0.107000, 0.998097, 0.045477
6128426, -0.203000, 0.100000, -0.103000, 0.998929, 0.046053
6138544, -0.202000, 0.101000, -0.101000, 0.999197, 0.046907
6148811, -0.201000, 0.102000, -0.099000, 0.999398, 0.022178
6159051, -0.200000, 0.103000, -0.097000, 0.999548, 0.043308
6169270, -0.198000, 0.105000, -0.093000, 0.999746, 0.044250
6179517, -0.197000, 0.106000, -0.091000, 0.999809, 0.046408
6189775, -0.196000, 0.107000, -0.089000, 0.999857, 0.023099
6200030, -0.195000, 0.108000, -0.087000, 0.999893, 0.045668
6210151, -0.193000, 0.110000, -0.083000, 0.999940, 0.022960
6220278, -0.192000, 0.111000, -0.081000, 0.999955, 0.048947
6230411, -0.191000, 0.112000, -0.079000, 0.999966, 0.048743
6240528, -0.190000, 0.113000, -0.077000, 0.999975, 0.023365
6250656, -0.188000, 0.115000, -0.073000, 0.999986, 0.047848
6260854, -0.187000, 0.116000, -0.071000, 0.999989, 0.025455
6271049, -0.187000, 0.115000, -0.302000, 0.499992, 0.050564
6281274, -0.187000, 0.116000, -0.071000, 0.624994, 0.023831
6291392, -0.187000, 0.117000, -0.070000, 0.718745, -0.000000
6301644, -0.187000, 0.115000, -0.072000, 0.466794, 0.026293
6311881, -0.187000, 0.114000, -0.301000, 0.100096, 0.051808
6321987, -0.187000, 0.113000, -0.300000, -0.174928, 0.052193
6332232, -0.187000, 0.112000, -0.075000, 0.118804, 0.025342
6342354, -0.187000, 0.110000, -0.297000, -0.370673, 0.054861
6352605, -0.187000, 0.109000, -0.078000, -0.028005, 0.027141
6362729, -0.187000, 0.108000, -0.295000, -0.271003, 0.054501
6372966, -0.187000, 0.107000, -0.080000, 0.046747, 0.026871
6383211, -0.187000, 0.105000, -0.292000, -0.411205, 0.055345
6393472, -0.187000, 0.104000, -0.083000, -0.058403, 0.028414
6403702, -0.187000, 0.103000, -0.290000, -0.293803, 0.056250
6413821, -0.187000, 0.102000, -0.289000, -0.470352, 0.053248
6424064, -0.187000, 0.100000, -0.287000, -0.327073, 0.056573
6434171, -0.187000, 0.099000, -0.286000, -0.495305, 0.058985
6444434, -0.187000, 0.098000, -0.089000, -0.121479, 0.029237
6454558, -0.187000, 0.097000, -0.284000, -0.341109, 0.058415
6464806, -0.187000, 0.095000, -0.282000, -0.254374, 0.059223
6474899, -0.187000, 0.094000, -0.281000, -0.440780, 0.063004
6485130, -0.187000, 0.093000, -0.094000, -0.080585, 0.030681
6495263, -0.187000, 0.092000, -0.279000, -0.310439, 0.059847
6505354, -0.187000, 0.090000, -0.097000, -0.112122, 0.030719
6515485, -0.187000, 0.089000, -0.276000, -0.334091, 0.064631
6525619, -0.187000, 0.088000, -0.099000, -0.000569, 0.031354
6535752, -0.187000, 0.087000, -0.274000, -0.250426, 0.060481
6545830, -0.187000, 0.085000, -0.102000, -0.078365, 0.032401
6556059, -0.187000, 0.084000, -0.271000, -0.308774, 0.067025
6566177, -0.187000, 0.083000, -0.270000, -0.481580, 0.063613
6576272, -0.187000, 0.082000, -0.105000, -0.111185, 0.033860
6586391, -0.187000, 0.082000, -0.269000, -0.500042, 0.070450
6596628, -0.187000, 0.081000, -0.106000, -0.125031, 0.035056
6606865, -0.187000, 0.080000, -0.267000, -0.343773, 0.069444
6617114, -0.187000, 0.079000, -0.108000, -0.007830, 0.034803
6627334, -0.187000, 0.077000, -0.264000, -0.441904, 0.070426
6637576, -0.187000, 0.076000, -0.111000, -0.081428, 0.034002
6647829, -0.187000, 0.075000, -0.262000, -0.311071, 0.067708
6657913, -0.187000, 0.074000, -0.261000, -0.483303, 0.070451
6668126, -0.187000, 0.072000, -0.259000, -0.334358, 0.070534
6678249, -0.187000, 0.073000, -0.260000, -0.500769, 0.070604
6688507, -0.187000, 0.072000, -0.115000, -0.125576, 0.035834
6698630, -0.187000, 0.071000, -0.258000, -0.344182, 0.071305
6708772, -0.187000, 0.069000, -0.256000, -0.256103, 0.068668
6719011, -0.187000, 0.068000, -0.255000, -0.442077, 0.069623
6729282, -0.187000, 0.067000, -0.120000, -0.081558, 0.034167
6739511, -0.187000, 0.066000, -0.253000, -0.311168, 0.066097
6749805, -0.187000, 0.065000, -0.252000, -0.483376, 0.063851
6760057, -0.187000, 0.063000, -0.250000, -0.334399, 0.068141
6770187, -0.187000, 0.064000, -0.251000, -0.500799, 0.064540
6780313, -0.187000, 0.063000, -0.124000, -0.125600, 0.032400
6790451, -0.187000, 0.062000, -0.249000, -0.344200, 0.066004
6800573, -0.187000, 0.062000, -0.125000, -0.131112, 0.031984
6810693, -0.187000, 0.061000, -0.248000, -0.348334, 0.062191
6820900, -0.187000, 0.060000, -0.127000, -0.011251, 0.030100
6831097, -0.187000, 0.059000, -0.246000, -0.258438, 0.061668
6841324, -0.187000, 0.057000, -0.130000, -0.082871, 0.029302
6851546, -0.187000, 0.056000, -0.243000, -0.312154, 0.057346
6861789, -0.187000, 0.055000, -0.242000, -0.484115, 0.059506
6872028, -0.187000, 0.054000, -0.133000, -0.113086, 0.028972
6882151, -0.187000, 0.054000, -0.241000, -0.501111, 0.057721
6892396, -0.187000, 0.053000, -0.134000, -0.125833, 0.028970
6902517, -0.187000, 0.052000, -0.239000, -0.344375, 0.057733
6912770, -0.187000, 0.051000, -0.136000, -0.008281, 0.028320
6923002, -0.187000, 0.049000, -0.236000, -0.442158, 0.055626
6933261, -0.187000, 0.048000, -0.139000, -0.081619, 0.028902
6943509, -0.187000, 0.047000, -0.234000, -0.311214, 0.054897
6953747, -0.187000, 0.046000, -0.233000, -0.483410, 0.052972
6963991, -0.187000, 0.044000, -0.231000, -0.334418, 0.054825
6974073, -0.187000, 0.045000, -0.232000, -0.500814, 0.054326
6984334, -0.187000, 0.044000, -0.143000, -0.125610, 0.025874
6994416, -0.187000, 0.043000, -0.230000, -0.344208, 0.053305
7004651, -0.187000, 0.041000, -0.228000, -0.256117, 0.054195
7014777, -0.187000, 0.040000, -0.227000, -0.442088, 0.052723
7025041, -0.187000, 0.039000, -0.148000, -0.081566, 0.026240
7035284, -0.187000, 0.038000, -0.225000, -0.311174, 0.051405
7045404, -0.187000, 0.036000, -0.151000, -0.112536, 0.025240
7055530, -0.187000, 0.035000, -0.152000, 0.165598, 0.048349
7065680, -0.187000, 0.034000, -0.221000, -0.125801, 0.050709
7075885, -0.187000, 0.033000, -0.154000, 0.155649, 0.025931
7085986, -0.187000, 0.031000, -0.218000, -0.349947, 0.052365
7096207, -0.187000, 0.030000, -0.157000, -0.012461, 0.026493
7106330, -0.187000, 0.029000, -0.216000, -0.259345, 0.054318
7116570, -0.187000, 0.028000, -0.159000, 0.055491, 0.028165
7126687, -0.187000, 0.026000, -0.213000, -0.406286, 0.055518
7136911, -0.187000, 0.025000, -0.162000, -0.054715, 0.026987
7147152, -0.187000, 0.024000, -0.211000, -0.291036, 0.055026
7157402, -0.187000, 0.023000, -0.210000, -0.468277, 0.054664
7167535, -0.187000, 0.021000, -0.208000, -0.325906, 0.053198
7177631, -0.187000, 0.020000, -0.167000, 0.005571, 0.028049
7187877, -0.187000, 0.019000, -0.206000, -0.245822, 0.056682
7197962, -0.187000, 0.018000, -0.205000, -0.434367, 0.057116
7208223, -0.187000, 0.017000, -0.170000, -0.075775, 0.028796
7218345, -0.187000, 0.015000, -0.202000, -0.480123, 0.059642
7228618, -0.187000, 0.014000, -0.173000, -0.110093, 0.030410
7238740, -0.187000, 0.013000, -0.200000, -0.332569, 0.059715
7249013, -0.187000, 0.012000, -0.199000, -0.499427, 0.059448
7259255, -0.187000, 0.010000, -0.197000, -0.343428, 0.056275
7269532, -0.187000, 0.011000, -0.198000, -0.507571, 0.050528
7279756, -0.187000, 0.010000, -0.177000, -0.130678, 0.024460
7289844, -0.187000, 0.009000, -0.178000, 0.151991, 0.046687
7300089, -0.187000, 0.009000, -0.178000, 0.522995, 0.039743
7310207, -0.187000, 0.010000, -0.177000, 0.642246, 0.035527
7320345, -0.187000, 0.011000, -0.176000, 0.731685, 0.017728
7330460, -0.186000, 0.012000, -0.174000, 0.798764, 0.033651
7340598, -0.184000, 0.014000, -0.170000, 0.886805, 0.017718
7350718, -0.183000, 0.015000, -0.168000, 0.915103, 0.034597
7360924, -0.182000, 0.016000, -0.166000, 0.936328, 0.017840
7371125, -0.181000, 0.017000, -0.164000, 0.952246, 0.037978
7381358, -0.179000, 0.019000, -0.160000, 0.973138, 0.019377
7391585, -0.178000, 0.020000, -0.158000, 0.979854, 0.039564
7401794, -0.177000, 0.021000, -0.156000, 0.984890, 0.043073
7412033, -0.176000, 0.022000, -0.154000, 0.988668, 0.022662
7422156, -0.174000, 0.024000, -0.150000, 0.993626, 0.047276
7432401, -0.173000, 0.025000, -0.148000, 0.995219, 0.024087
7442524, -0.172000, 0.026000, -0.146000, 0.996414, 0.049399
7452782, -0.171000, 0.027000, -0.144000, 0.997311, 0.049973
7462900, -0.170000, 0.027000, -0.197000, 0.498487, 0.053120
7473021, -0.170000, 0.028000, -0.142000, 0.623865, 0.026193
7483262, -0.170000, 0.027000, -0.197000, 0.217899, 0.051683
7493375, -0.170000, 0.026000, -0.196000, -0.086576, 0.055549
7503491, -0.170000, 0.024000, -0.194000, -0.111199, 0.054938
7513795, -0.170000, 0.023000, -0.193000, -0.333399, 0.055908
7524036, -0.170000, 0.022000, -0.148000, -0.000049, 0.028882
7534163, -0.170000, 0.021000, -0.191000, -0.250037, 0.058634
7544281, -0.170000, 0.019000, -0.151000, -0.078146, 0.029750
7554407, -0.170000, 0.018000, -0.188000, -0.308609, 0.060580
7564670, -0.170000, 0.017000, -0.153000, 0.018543, 0.029862
7574793, -0.170000, 0.016000, -0.186000, -0.236093, 0.062064
7584915, -0.170000, 0.015000, -0.185000, -0.427070, 0.030561
7595154, -0.170000, 0.013000, -0.183000, -0.302727, 0.062077
7605325, -0.170000, 0.012000, -0.182000, -0.477045, 0.065881
7615444, -0.170000, 0.011000, -0.159000, -0.107784, 0.032152
7625570, -0.170000, 0.010000, -0.180000, -0.330838, 0.065393
7635760, -0.170000, 0.008000, -0.162000, -0.123596, 0.034508
7645834, -0.170000, 0.007000, -0.177000, -0.342697, 0.070698
7655999, -0.170000, 0.006000, -0.164000, -0.007023, 0.034753
7666122, -0.170000, 0.005000, -0.175000, -0.255267, 0.068304
7676352, -0.170000, 0.003000, -0.167000, -0.081088, 0.034574
7686470, -0.170000, 0.002000, -0.172000, -0.310816, 0.071590
7696710, -0.170000, 0.001000, -0.171000, -0.483112, 0.072740
7706828, -0.170000, -0.000000, -0.170000, -0.112334, 0.035656
7717065, -0.170000, -0.000000, -0.170000, -0.500688, 0.073494
7727310, -0.170000, -0.001000, -0.171000, -0.125516, 0.036617
7737551, -0.170000, -0.002000, -0.168000, -0.344137, 0.070807
7747803, -0.170000, -0.003000, -0.173000, -0.008103, 0.035481
7757886, -0.170000, -0.005000, -0.165000, -0.442058, 0.072800
7768142, -0.170000, -0.006000, -0.176000, -0.081543, 0.036351
7778227, -0.170000, -0.007000, -0.163000, -0.311157, 0.072708
7788486, -0.170000, -0.008000, -0.162000, -0.483368, 0.073095
7798604, -0.170000, -0.010000, -0.160000, -0.334395, 0.072844
7808866, -0.170000, -0.009000, -0.161000, -0.500796, 0.075292
7819112, -0.170000, -0.010000, -0.180000, -0.125597, 0.037346
7829383, -0.170000, -0.011000, -0.159000, -0.344198, 0.076625
7839513, -0.170000, -0.013000, -0.157000, -0.256111, 0.073781
7849800, -0.170000, -0.014000, -0.156000, -0.442083, 0.074837
7860057, -0.170000, -0.015000, -0.185000, -0.081563, 0.034840
7870183, -0.170000, -0.016000, -0.154000, -0.311172, 0.069530
7880322, -0.170000, -0.018000, -0.188000, -0.112534, 0.035626
7890452, -0.170000, -0.019000, -0.151000, -0.334401, 0.072396
7900573, -0.170000, -0.018000, -0.152000, -0.500800, 0.070909
7910694, -0.170000, -0.019000, -0.189000, -0.125600, 0.034255
7920806, -0.170000, -0.019000, -0.151000, -0.508150, 0.068956
7930943, -0.170000, -0.020000, -0.190000, -0.131113, 0.034616
7941165, -0.170000, -0.021000, -0.149000, -0.348334, 0.067731
7951382, -0.170000, -0.022000, -0.192000, -0.011251, 0.031945
7961631, -0.170000, -0.023000, -0.147000, -0.258438, 0.061082
7971866, -0.170000, -0.025000, -0.195000, -0.082871, 0.030528
7981954, -0.170000, -0.026000, -0.144000, -0.312154, 0.058195
7992065, -0.170000, -0.027000, -0.143000, -0.484115, 0.053068
8002189, -0.170000, -0.028000, -0.198000, -0.113086, 0.026162
8012397, -0.170000, -0.030000, -0.200000, -0.001111, 0.025831
8022523, -0.170000, -0.031000, -0.201000, 0.249167, 0.049015
8032774, -0.170000, -0.032000, -0.202000, 0.436875, 0.047938
8043011, -0.170000, -0.031000, -0.201000, 0.577656, 0.022734
8053209, -0.169000, -0.029000, -0.198000, 0.762432, 0.041146
8063456, -0.168000, -0.028000, -0.196000, 0.821824, 0.019839
8073692, -0.167000, -0.027000, -0.194000, 0.866368, 0.035957
8083951, -0.166000, -0.026000, -0.192000, 0.899776, 0.034403
8094061, -0.164000, -0.024000, -0.188000, 0.943624, 0.034929
8104306, -0.163000, -0.023000, -0.186000, 0.957718, 0.030714
8114427, -0.162000, -0.022000, -0.184000, 0.968288, 0.014708
8124671, -0.161000, -0.021000, -0.182000, 0.976216, 0.029763
8134800, -0.159000, -0.019000, -0.178000, 0.986622, 0.025844
8145071, -0.158000, -0.018000, -0.176000, 0.989966, 0.026866
8155274, -0.157000, -0.017000, -0.174000, 0.992475, 0.012567
8165395, -0.156000, -0.016000, -0.172000, 0.994356, 0.023724
8175526, -0.154000, -0.014000, -0.168000, 0.996825, 0.009990
8185664, -0.153000, -0.013000, -0.166000, 0.997619, 0.019833
8195871, -0.152000, -0.012000, -0.164000, 0.998214, 0.009458
8205993, -0.151000, -0.011000, -0.162000, 0.998661, 0.018564
8216216, -0.149000, -0.009000, -0.158000, 0.999247, 0.009188
8226341, -0.148000, -0.008000, -0.156000, 0.999435, 0.018033
8236541, -0.147000, -0.007000, -0.154000, 0.999576, 0.016960
8246664, -0.146000, -0.006000, -0.152000, 0.999682, 0.006923
8256864, -0.144000, -0.004000, -0.148000, 0.999821, 0.010494
8267104, -0.143000, -0.003000, -0.146000, 0.999866, 0.004838
8277357, -0.142000, -0.002000, -0.144000, 0.999899, 0.012130
8287592, -0.141000, -0.001000, -0.142000, 0.999925, 0.010857
8297781, -0.139000, 0.001000, -0.138000, 0.999958, 0.009347
8308024, -0.138000, 0.002000, -0.136000, 0.999968, 0.003209
8318146, -0.137000, 0.003000, -0.134000, 0.999976, 0.003923
8328410, -0.136000, 0.004000, -0.132000, 0.999982, 0.004132
8338527, -0.134000, 0.006000, -0.128000, 0.999990, 0.002433
8348789, -0.133000, 0.007000, -0.126000, 0.999992, -0.000364
8359024, -0.132000, 0.008000, -0.124000, 0.999994, -0.000539
8369295, -0.131000, 0.009000, -0.122000, 0.999996, -0.001628
8379368, -0.129000, 0.011000, -0.118000, 0.999998, -0.004463
8389654, -0.128000, 0.012000, -0.116000, 0.999998, -0.008170
8399899, -0.127000, 0.013000, -0.114000, 0.999999, -0.004936
8409982, -0.126000, 0.014000, -0.112000, 0.999999, -0.011555
8420197, -0.124000, 0.016000, -0.108000, 0.999999, -0.007860
8430314, -0.123000, 0.017000, -0.106000, 1.000000, -0.018866
8440433, -0.122000, 0.018000, -0.104000, 1.000000, -0.021350
8450551, -0.121000, 0.019000, -0.102000, 1.000000, -0.010843
8460678, -0.119000, 0.021000, -0.098000, 1.000000, -0.024714
8470754, -0.118000, 0.022000, -0.096000, 1.000000, -0.013045
8481007, -0.117000, 0.023000, -0.094000, 1.000000, -0.012541
8491121, -0.116000, 0.024000, -0.092000, 1.000000, -0.000000
8501372, -0.115000, 0.025000, -0.090000, 1.000000, -0.000000
8511603, -0.113000, 0.027000, -0.086000, 1.000000, -0.000000
8521814, -0.112000, 0.028000, -0.084000, 1.000000, -0.000000
8532074, -0.111000, 0.029000, -0.082000, 1.000000, -0.000000
8542190, -0.110000, 0.030000, -0.080000, 1.000000, -0.000000
8552438, -0.108000, 0.032000, -0.076000, 1.000000, -0.000000
8562555, -0.107000, 0.033000, -0.074000, 1.000000, -0.000000
8572812, -0.106000, 0.034000, -0.072000, 1.000000, -0.000000
8583048, -0.105000, 0.035000, -0.070000, 1.000000, -0.000000
8593294, -0.103000, 0.037000, -0.066000, 1.000000, -0.000000
8603513, -0.102000, 0.038000, -0.064000, 1.000000, -0.000000
8613757, -0.101000, 0.039000, -0.062000, 1.000000, -0.000000
8623962, -0.100000, 0.040000, -0.060000, 1.000000, -0.000000
8634063, -0.098000, 0.042000, -0.056000, 1.000000, -0.000000
8644322, -0.097000, 0.043000, -0.054000, 1.000000, -0.000000
8654440, -0.096000, 0.044000, -0.052000, 1.000000, -0.000000
8664694, -0.095000, 0.045000, -0.050000, 1.000000, -0.000000
8674910, -0.093000, 0.047000, -0.046000, 1.000000, -0.000000
8685156, -0.092000, 0.048000, -0.044000, 1.000000, -0.000000
8695400, -0.091000, 0.049000, -0.042000, 1.000000, -0.000000
8705648, -0.090000, 0.050000, -0.040000, 1.000000, -0.000000
8715888, -0.088000, 0.052000, -0.036000, 1.000000, -0.000000
8725965, -0.087000, 0.053000, -0.034000, 1.000000, -0.000000
8736176, -0.086000, 0.054000, -0.032000, 1.000000, -0.000000
8746299, -0.085000, 0.055000, -0.030000, 1.000000, -0.000000
8756513, -0.083000, 0.057000, -0.026000, 1.000000, -0.000000
8766635, -0.082000, 0.058000, -0.024000, 1.000000, -0.000000
8776879, -0.081000, 0.059000, -0.022000, 1.000000, -0.000000
8787108, -0.080000, 0.060000, -0.020000, 1.000000, -0.000000
8797299, -0.078000, 0.062000, -0.016000, 1.000000, -0.000000
8807509, -0.077000, 0.063000, -0.014000, 1.000000, -0.000000
8817717, -0.076000, 0.064000, -0.012000, 1.000000, -0.000000
8827968, -0.075000, 0.065000, -0.010000, 1.000000, -0.000000
8838063, -0.073000, 0.067000, -0.006000, 1.000000, -0.000000
8848312, -0.072000, 0.068000, -0.004000, 1.000000, -0.000000
8858439, -0.071000, 0.069000, -0.002000, 1.000000, -0.000000
8868680, -0.070000, 0.070000, 0.000000, 1.000000, -0.000000
8878796, -0.069000, 0.071000, 0.002000, 1.000000, -0.000000
8889022, -0.067000, 0.073000, 0.006000, 1.000000, -0.000000
8899139, -0.066000, 0.074000, 0.008000, 1.000000, -0.000000
8909397, -0.065000, 0.075000, 0.010000, 1.000000, -0.000000
8919522, -0.064000, 0.076000, 0.012000, 1.000000, -0.000000
8929793, -0.062000, 0.078000, 0.016000, 1.000000, -0.000000
8940038, -0.061000, 0.079000, 0.018000, 1.000000, -0.000000
8950165, -0.060000, 0.080000, 0.020000, 1.000000, -0.000000
8960402, -0.059000, 0.081000, 0.022000, 1.000000, -0.000000
8970526, -0.057000, 0.083000, 0.026000, 1.000000, -0.000000
8980645, -0.056000, 0.084000, 0.028000, 1.000000, -0.000000
8990735, -0.055000, 0.085000, 0.030000, 1.000000, -0.000000
9000991, -0.054000, 0.086000, 0.032000, 1.000000, -0.000000
9011232, -0.052000, 0.088000, 0.036000, 1.000000, -0.000000
9021486, -0.051000, 0.089000, 0.038000, 1.000000, -0.000000
9031729, -0.050000, 0.090000, 0.040000, 1.000000, -0.000000
9041821, -0.049000, 0.091000, 0.042000, 1.000000, -0.000000
9052055, -0.047000, 0.093000, 0.046000, 1.000000, -0.000000
9062177, -0.046000, 0.094000, 0.048000, 1.000000, -0.000000
9072298, -0.045000, 0.095000, 0.050000, 1.000000, -0.000000
9082422, -0.044000, 0.096000, 0.052000, 1.000000, -0.000000
9092653, -0.042000, 0.098000, 0.056000, 1.000000, -0.000000
9102814, -0.041000, 0.099000, 0.058000, 1.000000, -0.000000
9113081, -0.040000, 0.100000, 0.060000, 1.000000, -0.000000
9123312, -0.039000, 0.101000, 0.062000, 1.000000, -0.000000
9133529, -0.037000, 0.103000, 0.066000, 1.000000, -0.000000
9143749, -0.036000, 0.104000, 0.068000, 1.000000, -0.000000
9153832, -0.035000, 0.105000, 0.070000, 1.000000, -0.000000
9164092, -0.034000, 0.106000, 0.072000, 1.000000, -0.000000
9174209, -0.032000, 0.108000, 0.076000, 1.000000, -0.000000
9184467, -0.031000, 0.109000, 0.078000, 1.000000, -0.000000
9194585, -0.030000, 0.110000, 0.080000, 1.000000, -0.000000
9204838, -0.029000, 0.111000, 0.082000, 1.000000, -0.000000
9214954, -0.027000, 0.113000, 0.086000, 1.000000, -0.000000
9225191, -0.026000, 0.114000, 0.088000, 1.000000, -0.000000
9235327, -0.025000, 0.115000, 0.090000, 1.000000, -0.000000
9245577, -0.024000, 0.116000, 0.092000, 1.000000, -0.000000
9255829, -0.023000, 0.117000, 0.094000, 1.000000, -0.000000
9265911, -0.021000, 0.119000, 0.098000, 1.000000, -0.000000
9276156, -0.020000, 0.120000, 0.100000, 1.000000, -0.000000
9286276, -0.019000, 0.121000, 0.102000, 1.000000, -0.000000
9296540, -0.018000, 0.122000, 0.104000, 1.000000, -0.000000
9306657, -0.016000, 0.124000, 0.108000, 1.000000, -0.000000
9316916, -0.015000, 0.125000, 0.110000, 1.000000, -0.000000
9327158, -0.014000, 0.126000, 0.112000, 1.000000, -0.000000
9337394, -0.013000, 0.127000, 0.114000, 1.000000, -0.000000
9347633, -0.011000, 0.129000, 0.118000, 1.000000, -0.000000
9357710, -0.010000, 0.130000, 0.120000, 1.000000, -0.000000
9367967, -0.009000, 0.131000, 0.122000, 1.000000, -0.000000
9378068, -0.008000, 0.132000, 0.124000, 1.000000, -0.000000
9388294, -0.006000, 0.134000, 0.128000, 1.000000, -0.000000
9398417, -0.005000, 0.135000, 0.130000, 1.000000, -0.000000
9408654, -0.004000, 0.136000, 0.132000, 1.000000, -0.000000
9418779, -0.003000, 0.137000, 0.134000, 1.000000, -0.000000
9428972, -0.001000, 0.139000, 0.138000, 1.000000, -0.000000
9439217, 0.000000, 0.140000, 0.140000, 1.000000, -0.000000
9449344, 0.001000, 0.141000, 0.142000, 1.000000, -0.000000
9459595, 0.002000, 0.142000, 0.144000, 1.000000, -0.000000
9469681, 0.004000, 0.144000, 0.148000, 1.000000, -0.000000
9479767, 0.005000, 0.145000, 0.150000, 1.000000, -0.000000
9489867, 0.006000, 0.146000, 0.152000, 1.000000, -0.000000
9500104, 0.007000, 0.147000, 0.154000, 1.000000, -0.000000
9510224, 0.008000, 0.148000, 0.156000, 1.000000, -0.000000
9520342, 0.010000, 0.150000, 0.160000, 1.000000, -0.000000
9530467, 0.011000, 0.151000, 0.162000, 1.000000, -0.000000
9540733, 0.012000, 0.152000, 0.164000, 1.000000, -0.000000
9550971, 0.013000, 0.153000, 0.166000, 1.000000, -0.000000
9561217, 0.015000, 0.155000, 0.170000, 1.000000, -0.000000
9571458, 0.016000, 0.156000, 0.172000, 1.000000, -0.000000
9581575, 0.017000, 0.157000, 0.174000, 1.000000, -0.000000
9591700, 0.018000, 0.158000, 0.176000, 1.000000, -0.000000
9601776, 0.020000, 0.160000, 0.180000, 1.000000, -0.000000
9611965, 0.021000, 0.161000, 0.182000, 1.000000, -0.000000
9622092, 0.022000, 0.162000, 0.184000, 1.000000, -0.000000
9632351, 0.023000, 0.163000, 0.186000, 1.000000, -0.000000
9642475, 0.025000, 0.165000, 0.190000, 1.000000, -0.000000
9652743, 0.026000, 0.166000, 0.192000, 1.000000, -0.000000
9662862, 0.027000, 0.167000, 0.194000, 1.000000, -0.000000
9673126, 0.028000, 0.168000, 0.196000, 1.000000, -0.000000
9683353, 0.030000, 0.170000, 0.200000, 1.000000, -0.000000
9693630, 0.031000, 0.171000, 0.202000, 1.000000, -0.000000
9703842, 0.032000, 0.172000, 0.204000, 1.000000, -0.000000
9713926, 0.033000, 0.173000, 0.206000, 1.000000, -0.000000
9724168, 0.035000, 0.175000, 0.210000, 1.000000, -0.000000
9734286, 0.036000, 0.176000, 0.212000, 1.000000, -0.000000
9744551, 0.037000, 0.177000, 0.214000, 1.000000, -0.000000
9754670, 0.038000, 0.178000, 0.216000, 1.000000, -0.000000
9764907, 0.040000, 0.180000, 0.220000, 1.000000, -0.000000
9775095, 0.041000, 0.181000, 0.222000, 1.000000, -0.000000
9785355, 0.042000, 0.182000, 0.224000, 1.000000, -0.000000
9795551, 0.043000, 0.183000, 0.226000, 1.000000, -0.000000
9805672, 0.045000, 0.185000, 0.230000, 1.000000, -0.000000
9815929, 0.046000, 0.186000, 0.232000, 1.000000, -0.000000
9826037, 0.047000, 0.187000, 0.234000, 1.000000, -0.000000
9836166, 0.048000, 0.188000, 0.236000, 1.000000, -0.000000
9846282, 0.050000, 0.190000, 0.240000, 1.000000, -0.000000
9856540, 0.051000, 0.191000, 0.242000, 1.000000, -0.000000
9866659, 0.052000, 0.192000, 0.244000, 1.000000, -0.000000
9876918, 0.053000, 0.193000, 0.246000, 1.000000, -0.000000
9887037, 0.055000, 0.195000, 0.250000, 1.000000, -0.000000
9897291, 0.056000, 0.196000, 0.252000, 1.000000, -0.000000
9907537, 0.057000, 0.197000, 0.254000, 1.000000, -0.000000
9917800, 0.058000, 0.198000, 0.256000, 1.000000, -0.000000
9927918, 0.060000, 0.200000, 0.260000, 1.000000, -0.000000
9938036, 0.061000, 0.201000, 0.262000, 1.000000, -0.000000
9948294, 0.062000, 0.202000, 0.264000, 1.000000, -0.000000
9958413, 0.063000, 0.203000, 0.266000, 1.000000, -0.000000
9968481, 0.065000, 0.205000, 0.270000, 1.000000, -0.000000
9978597, 0.066000, 0.206000, 0.272000, 1.000000, -0.000000
9988735, 0.067000, 0.207000, 0.274000, 1.000000, -0.000000
9998979, 0.068000, 0.208000, 0.276000, 1.000000, -0.000000
10009186, 0.069000, 0.209000, 0.278000, 1.000000, -0.000000
10019425, 0.071000, 0.211000, 0.282000, 1.000000, -0.000000
10029547, 0.072000, 0.212000, 0.284000, 1.000000, -0.000000
10039798, 0.073000, 0.213000, 0.286000, 1.000000, -0.000000
10049885, 0.074000, 0.214000, 0.288000, 1.000000, -0.000000
10060136, 0.076000, 0.216000, 0.292000, 1.000000, -0.000000
10070257, 0.077000, 0.217000, 0.294000, 1.000000, -0.000000
10080504, 0.078000, 0.218000, 0.296000, 1.000000, -0.000000
10090619, 0.080000, 0.220000, 0.300000, 1.000000, -0.000000
10100846, 0.081000, 0.221000, 0.302000, 1.000000, -0.000000
10110957, 0.082000, 0.222000, 0.304000, 1.000000, -0.000000
10121154, 0.083000, 0.223000, 0.306000, 1.000000, -0.000000
10131400, 0.084000, 0.224000, 0.308000, 1.000000, -0.000000
10141533, 0.086000, 0.226000, 0.312000, 1.000000, -0.000000
10151777, 0.087000, 0.227000, 0.314000, 1.000000, -0.000000
10161862, 0.088000, 0.228000, 0.316000, 1.000000, -0.000000
10172106, 0.089000, 0.229000, 0.318000, 1.000000, -0.000000
10182225, 0.091000, 0.231000, 0.322000, 1.000000, -0.000000
10192358, 0.092000, 0.232000, 0.324000, 1.000000, -0.000000
10202481, 0.093000, 0.233000, 0.326000, 1.000000, -0.000000
10212673, 0.094000, 0.234000, 0.328000, 1.000000, -0.000000
10222909, 0.096000, 0.236000, 0.332000, 1.000000, -0.000000
10233177, 0.097000, 0.237000, 0.334000, 1.000000, -0.000000
10243420, 0.098000, 0.238000, 0.336000, 1.000000, -0.000000
10253668, 0.099000, 0.239000, 0.338000, 1.000000, -0.000000
10263908, 0.101000, 0.241000, 0.342000, 1.000000, -0.000000
10273996, 0.102000, 0.242000, 0.344000, 1.000000, -0.000000
10284225, 0.103000, 0.243000, 0.346000, 1.000000, -0.000000
10294350, 0.104000, 0.244000, 0.348000, 1.000000, -0.000000
10304601, 0.106000, 0.246000, 0.352000, 1.000000, -0.000000
10314718, 0.107000, 0.247000, 0.354000, 1.000000, -0.000000
10324896, 0.108000, 0.248000, 0.356000, 1.000000, -0.000000
10335133, 0.109000, 0.249000, 0.358000, 1.000000, -0.000000
10345366, 0.111000, 0.251000, 0.362000, 1.000000, -0.000000
10355604, 0.112000, 0.252000, 0.364000, 1.000000, -0.000000
10365818, 0.113000, 0.253000, 0.366000, 1.000000, -0.000000
10376044, 0.114000, 0.254000, 0.368000, 1.000000, -0.000000
10386161, 0.116000, 0.256000, 0.372000, 1.000000, -0.000000
10396424, 0.117000, 0.257000, 0.374000, 1.000000, -0.000000
10406544, 0.118000, 0.258000, 0.376000, 1.000000, -0.000000
10416806, 0.119000, 0.259000, 0.378000, 1.000000, -0.000000
10427035, 0.121000, 0.261000, 0.382000, 1.000000, -0.000000
10437266, 0.122000, 0.262000, 0.384000, 1.000000, -0.000000
10447500, 0.123000, 0.263000, 0.386000, 1.000000, -0.000000
10457767, 0.124000, 0.264000, 0.388000, 1.000000, -0.000000
10467987, 0.126000, 0.266000, 0.392000, 1.000000, -0.000000
10478115, 0.127000, 0.267000, 0.394000, 1.000000, -0.000000
10488265, 0.128000, 0.268000, 0.396000, 1.000000, -0.000000
10498382, 0.129000, 0.269000, 0.398000, 1.000000, -0.000000
10508519, 0.131000, 0.271000, 0.402000, 1.000000, -0.000000
10518636, 0.132000, 0.272000, 0.404000, 1.000000, -0.000000
10528902, 0.133000, 0.273000, 0.406000, 1.000000, -0.000000
10539125, 0.134000, 0.274000, 0.408000, 1.000000, -0.000000
10549325, 0.136000, 0.276000, 0.412000, 1.000000, -0.000000
10559515, 0.137000, 0.277000, 0.414000, 1.000000, -0.000000
10569653, 0.138000, 0.278000, 0.416000, 1.000000, -0.000000
10579906, 0.139000, 0.279000, 0.418000, 1.000000, -0.000000
10590017, 0.141000, 0.281000, 0.422000, 1.000000, -0.000000
10600270, 0.142000, 0.282000, 0.424000, 1.000000, -0.000000
10610388, 0.143000, 0.283000, 0.426000, 1.000000, -0.000000
10620619, 0.144000, 0.284000, 0.428000, 1.000000, -0.000000
10630737, 0.145000, 0.285000, 0.430000, 1.000000, -0.000000
10640991, 0.147000, 0.287000, 0.434000, 1.000000, -0.000000
10651230, 0.148000, 0.288000, 0.436000, 1.000000, -0.000000
10661424, 0.149000, 0.289000, 0.438000, 1.000000, -0.000000
10671675, 0.150000, 0.290000, 0.440000, 1.000000, -0.000000
10681792, 0.152000, 0.292000, 0.444000, 1.000000, -0.000000
10691916, 0.153000, 0.293000, 0.446000, 1.000000, -0.000000
10702036, 0.154000, 0.294000, 0.448000, 1.000000, -0.000000
10712299, 0.155000, 0.295000, 0.450000, 1.000000, -0.000000
10722419, 0.157000, 0.297000, 0.454000, 1.000000, -0.000000
10732672, 0.158000, 0.298000, 0.456000, 1.000000, -0.000000
10742799, 0.159000, 0.299000, 0.458000, 1.000000, -0.000000
10752937, 0.160000, 0.300000, 0.460000, 1.000000, -0.000000
10763158, 0.162000, 0.302000, 0.464000, 1.000000, -0.000000
10773372, 0.163000, 0.303000, 0.466000, 1.000000, -0.000000
10783619, 0.164000, 0.304000, 0.468000, 1.000000, -0.000000
10793704, 0.165000, 0.305000, 0.470000, 1.000000, -0.000000
10803932, 0.167000, 0.307000, 0.474000, 1.000000, -0.000000
10814037, 0.168000, 0.308000, 0.476000, 1.000000, -0.000000
10824283, 0.169000, 0.309000, 0.478000, 1.000000, -0.000000
10834410, 0.170000, 0.310000, 0.480000, 1.000000, -0.000000
10844611, 0.172000, 0.312000, 0.484000, 1.000000, -0.000000
10854734, 0.173000, 0.313000, 0.486000, 1.000000, -0.000000
10864922, 0.174000, 0.314000, 0.488000, 1.000000, -0.000000
10875163, 0.175000, 0.315000, 0.490000, 1.000000, -0.000000
10885282, 0.176000, 0.316000, 0.492000, 1.000000, -0.000000
10895523, 0.178000, 0.318000, 0.496000, 1.000000, -0.000000
10905814, 0.179000, 0.319000, 0.498000, 1.000000, -0.000000
10916054, 0.180000, 0.320000, 0.500000, 1.000000, -0.000000
10926169, 0.182000, 0.322000, 0.504000, 1.000000, -0.000000
10936306, 0.183000, 0.323000, 0.506000, 1.000000, -0.000000
10946432, 0.184000, 0.324000, 0.508000, 1.000000, -0.000000
10956564, 0.185000, 0.325000, 0.510000, 1.000000, -0.000000
10966686, 0.186000, 0.326000, 0.512000, 1.000000, -0.000000
10976806, 0.188000, 0.328000, 0.516000, 1.000000, -0.000000
10987031, 0.189000, 0.329000, 0.518000, 1.000000, -0.000000
10997160, 0.190000, 0.330000, 0.520000, 1.000000, -0.000000
11007390, 0.191000, 0.331000, 0.522000, 1.000000, -0.000000
11017662, 0.193000, 0.333000, 0.526000, 1.000000, -0.000000
11027886, 0.194000, 0.334000, 0.528000, 1.000000, -0.000000
11037971, 0.195000, 0.335000, 0.530000, 1.000000, -0.000000
11048230, 0.196000, 0.336000, 0.532000, 1.000000, -0.000000
11058354, 0.198000, 0.338000, 0.536000, 1.000000, -0.000000
11068610, 0.199000, 0.339000, 0.538000, 1.000000, -0.000000
11078843, 0.200000, 0.340000, 0.540000, 1.000000, -0.000000
11089108, 0.201000, 0.341000, 0.542000, 1.000000, -0.000000
11099341, 0.203000, 0.343000, 0.546000, 1.000000, -0.000000
11109569, 0.204000, 0.344000, 0.548000, 1.000000, -0.000000
11119759, 0.205000, 0.345000, 0.550000, 1.000000, -0.000000
11129819, 0.206000, 0.346000, 0.552000, 1.000000, -0.000000
11139942, 0.208000, 0.348000, 0.556000, 1.000000, -0.000000
11150049, 0.209000, 0.349000, 0.558000, 1.000000, -0.000000
11160289, 0.210000, 0.350000, 0.560000, 1.000000, -0.000000
11170414, 0.211000, 0.351000, 0.562000, 1.000000, -0.000000
11180625, 0.213000, 0.353000, 0.566000, 1.000000, -0.000000
